time_str,time,co2_1,co2_2,co2_3,co2_4,supply_flow
06-Dec-2021 00:00:00,738496,437.6,445,419.066666666667,448,506.533333333333
06-Dec-2021 00:15:00,738496.010416667,436,440.8,418,441.2,506.733333333333
06-Dec-2021 00:30:00,738496.020833333,427.2,438,414.266666666667,415.933333333333,506.866666666667
06-Dec-2021 00:45:00,738496.03125,424,423.6,414,417.6,507.333333333333
06-Dec-2021 01:00:00,738496.041666667,407.866666666667,414,408.4,417,506.066666666667
06-Dec-2021 01:15:00,738496.052083333,402,411,408,400,506.466666666667
06-Dec-2021 01:30:00,738496.0625,400.533333333333,409,400.533333333333,400,506.333333333333
06-Dec-2021 01:45:00,738496.072916667,400,407.2,400,405.2,505.533333333333
06-Dec-2021 02:00:00,738496.083333333,403.666666666667,406,400,407,505.933333333333
06-Dec-2021 02:15:00,738496.09375,405,402.4,400,400,505.666666666667
06-Dec-2021 02:30:00,738496.104166667,401.333333333333,400,400,400,505.8
06-Dec-2021 02:45:00,738496.114583333,400,401.8,400,403,506.133333333333
06-Dec-2021 03:00:00,738496.125,403.666666666667,403,405.6,400,505.533333333333
06-Dec-2021 03:15:00,738496.135416667,405,401.2,406,402.4,506
06-Dec-2021 03:30:00,738496.145833333,409.4,400,405.066666666667,400,505.866666666667
06-Dec-2021 03:45:00,738496.15625,411,401.8,405,401.6,506.266666666667
06-Dec-2021 04:00:00,738496.166666667,407.333333333333,403,400.333333333333,401,506.466666666667
06-Dec-2021 04:15:00,738496.177083333,406,407.8,400,416.6,506.666666666667
06-Dec-2021 04:30:00,738496.1875,401.6,411,400,410,506.266666666667
06-Dec-2021 04:45:00,738496.197916667,400,409.8,400,406,506.666666666667
06-Dec-2021 05:00:00,738496.208333333,400.733333333333,409,400,412,506.6
06-Dec-2021 05:15:00,738496.21875,401,403.6,400,405.6,506.333333333333
06-Dec-2021 05:30:00,738496.229166667,406.866666666667,400,405.6,411,506.4
06-Dec-2021 05:45:00,738496.239583333,409,400,406,414.8,506.6
06-Dec-2021 06:00:00,738496.25,402.4,400,408.8,410,506.333333333333
06-Dec-2021 06:15:00,738496.260416667,400,407.2,409,406.6,506.733333333333
06-Dec-2021 06:30:00,738496.270833333,400,412,409.933333333333,400,506.866666666667
06-Dec-2021 06:45:00,738496.28125,400,412.6,410,411.8,507.4
06-Dec-2021 07:00:00,738496.291666667,400.733333333333,413,400.666666666667,413,507.133333333333
06-Dec-2021 07:15:00,738496.302083333,401,408.8,400,418.6,507.4
06-Dec-2021 07:30:00,738496.3125,410.533333333333,406,420.533333333333,421,507.333333333333
06-Dec-2021 07:45:00,738496.322916667,414,422.8,422,439.8,501.333333333333
06-Dec-2021 08:00:00,738496.333333333,444.8,441.533333333333,461.333333333333,455,486.066666666667
06-Dec-2021 08:15:00,738496.34375,456,587.8,543,613.666666666667,485.8
06-Dec-2021 08:30:00,738496.354166667,608.533333333333,649,618.6,645,485.666666666667
06-Dec-2021 08:45:00,738496.364583333,664,665.2,642.4,654.2,489.133333333333
06-Dec-2021 09:00:00,738496.375,697.733333333333,676,665.666666666667,656,494.266666666667
06-Dec-2021 09:15:00,738496.385416667,710,730,667,706.4,495.466666666667
06-Dec-2021 09:30:00,738496.395833333,729.8,757,689.4,716,496.6
06-Dec-2021 09:45:00,738496.40625,737,764.8,691,706.2,505.4
06-Dec-2021 10:00:00,738496.416666667,737,770,705.933333333333,678,493.866666666667
06-Dec-2021 10:15:00,738496.427083333,737,760.4,718.466666666667,741.2,491.666666666667
06-Dec-2021 10:30:00,738496.4375,768.533333333333,754,751.866666666667,719,491
06-Dec-2021 10:45:00,738496.447916667,780,765.4,752,749.6,489.933333333333
06-Dec-2021 11:00:00,738496.458333333,791,773,759.466666666667,749,489.8
06-Dec-2021 11:15:00,738496.46875,795,788.6,760,749.4,489.266666666667
06-Dec-2021 11:30:00,738496.479166667,801.6,799,766.533333333333,753,488.866666666667
06-Dec-2021 11:45:00,738496.489583333,804,805.6,767,757,490.2
06-Dec-2021 12:00:00,738496.5,803.266666666667,810,773.533333333333,760,489.8
06-Dec-2021 12:15:00,738496.510416667,803,811.8,774,770.2,489.666666666667
06-Dec-2021 12:30:00,738496.520833333,810.333333333333,813,773.066666666667,769,489.933333333333
06-Dec-2021 12:45:00,738496.53125,813,804.6,773,750.8,489.933333333333
06-Dec-2021 13:00:00,738496.541666667,790.266666666667,799,743.133333333333,746,488.733333333333
06-Dec-2021 13:15:00,738496.552083333,782,805.6,741,750,489.933333333333
06-Dec-2021 13:30:00,738496.5625,827.466666666667,810,775.533333333333,750,489.4
06-Dec-2021 13:45:00,738496.572916667,844,828.6,778,781,489.4
06-Dec-2021 14:00:00,738496.583333333,839.6,841,784.533333333333,781,488.6
06-Dec-2021 14:15:00,738496.59375,838,834.4,785,800,494.266666666667
06-Dec-2021 14:30:00,738496.604166667,876.866666666667,880,801.8,818,499.066666666667
06-Dec-2021 14:45:00,738496.614583333,891,894.4,803,819.6,501.333333333333
06-Dec-2021 15:00:00,738496.625,893.2,904,813.266666666667,801,502.533333333333
06-Dec-2021 15:15:00,738496.635416667,894,918.4,862.533333333333,813,494.4
06-Dec-2021 15:30:00,738496.645833333,866.866666666667,928,796.933333333333,828,490.6
06-Dec-2021 15:45:00,738496.65625,857,908.2,792,787.2,489.933333333333
06-Dec-2021 16:00:00,738496.666666667,854.066666666667,895,799.466666666667,795,490.466666666667
06-Dec-2021 16:15:00,738496.677083333,853,866.2,800,784,489.933333333333
06-Dec-2021 16:30:00,738496.6875,846.4,847,804.666666666667,778,489.4
06-Dec-2021 16:45:00,738496.697916667,844,835.6,796.6,761.8,489.666666666667
06-Dec-2021 17:00:00,738496.708333333,820.533333333333,828,770.466666666667,751,490.333333333333
06-Dec-2021 17:15:00,738496.71875,812,810,771,729.533333333333,489.8
06-Dec-2021 17:30:00,738496.729166667,794.4,790.666666666667,756.066666666667,732,490.066666666667
06-Dec-2021 17:45:00,738496.739583333,788,777.2,755,712.6,490.066666666667
06-Dec-2021 18:00:00,738496.75,764.533333333333,778,730.733333333333,703,490.466666666667
06-Dec-2021 18:15:00,738496.760416667,756,763.6,729,692.2,490.066666666667
06-Dec-2021 18:30:00,738496.770833333,743.533333333333,754,698.2,688,489.4
06-Dec-2021 18:45:00,738496.78125,739,737.8,696,659.2,489.933333333333
06-Dec-2021 19:00:00,738496.791666667,726.533333333333,727,682,652,490.333333333333
06-Dec-2021 19:15:00,738496.802083333,722,717.4,662.333333333333,649,490.333333333333
06-Dec-2021 19:30:00,738496.8125,700.733333333333,711,674.066666666667,646,490.6
06-Dec-2021 19:45:00,738496.822916667,693,693.4,675,628.4,489.933333333333
06-Dec-2021 20:00:00,738496.833333333,685.666666666667,675,644.2,617.8,490.6
06-Dec-2021 20:15:00,738496.84375,683,666,642,614.4,490.866666666667
06-Dec-2021 20:30:00,738496.854166667,660.266666666667,660,617.733333333333,609,490.466666666667
06-Dec-2021 20:45:00,738496.864583333,652,657.6,616,590.4,490.6
06-Dec-2021 21:00:00,738496.875,641.733333333333,656,608.533333333333,585,490.066666666667
06-Dec-2021 21:15:00,738496.885416667,638,639.2,608,574,490.466666666667
06-Dec-2021 21:30:00,738496.895833333,617.466666666667,628,590.266666666667,568,490.2
06-Dec-2021 21:45:00,738496.90625,610,627.4,589,571,490.066666666667
06-Dec-2021 22:00:00,738496.916666667,601.2,627,576.866666666667,571,489.8
06-Dec-2021 22:15:00,738496.927083333,598,607.8,564,551.6,490.2
06-Dec-2021 22:30:00,738496.9375,587.733333333333,576.333333333333,564.733333333333,548,490.466666666667
06-Dec-2021 22:45:00,738496.947916667,584,576,565,540.2,490.066666666667
06-Dec-2021 23:00:00,738496.958333333,571.533333333333,582,530.466666666667,538.4,490.066666666667
06-Dec-2021 23:15:00,738496.96875,567,570.6,528,526.4,490.466666666667
06-Dec-2021 23:30:00,738496.979166667,550.133333333333,563,528.933333333333,521,490.066666666667
06-Dec-2021 23:45:00,738496.989583333,544,558.2,529,497.4,490.333333333333
07-Dec-2021 00:00:00,738497,542.533333333333,555,528.066666666667,504,489.8
07-Dec-2021 00:15:00,738497.010416667,542,549,528,504.6,490.333333333333
07-Dec-2021 00:30:00,738497.020833333,524.4,545,526.133333333333,516,490.066666666667
07-Dec-2021 00:45:00,738497.03125,518,533.6,526,484,490.333333333333
07-Dec-2021 01:00:00,738497.041666667,509.2,526,498.933333333333,478,490.733333333333
07-Dec-2021 01:15:00,738497.052083333,506,522.4,497,477.2,490.6
07-Dec-2021 01:30:00,738497.0625,500.866666666667,520,498.866666666667,476,490.066666666667
07-Dec-2021 01:45:00,738497.072916667,499,514.6,499,466.6,490.333333333333
07-Dec-2021 02:00:00,738497.083333333,496.066666666667,511,497.133333333333,463,490.6
07-Dec-2021 02:15:00,738497.09375,495,508.6,497,460,491.133333333333
07-Dec-2021 02:30:00,738497.104166667,481.066666666667,507,483,457,491.533333333333
07-Dec-2021 02:45:00,738497.114583333,476,502.2,482,448.6,491.533333333333
07-Dec-2021 03:00:00,738497.125,469.4,499,459,445,490.6
07-Dec-2021 03:15:00,738497.135416667,467,494.2,457,440.4,491.8
07-Dec-2021 03:30:00,738497.145833333,470.666666666667,491,463.533333333333,438,491.4
07-Dec-2021 03:45:00,738497.15625,472,485.6,464,432.6,491.933333333333
07-Dec-2021 04:00:00,738497.166666667,467.6,482,463.066666666667,432,491.866666666667
07-Dec-2021 04:15:00,738497.177083333,466,476,463,453.8,492.466666666667
07-Dec-2021 04:30:00,738497.1875,455,468.666666666667,453.666666666667,455,492.666666666667
07-Dec-2021 04:45:00,738497.197916667,451,469.4,453,431.8,492.8
07-Dec-2021 05:00:00,738497.208333333,440.733333333333,471,432.466666666667,430,493.333333333333
07-Dec-2021 05:15:00,738497.21875,437,460.2,431,419.733333333333,493.6
07-Dec-2021 05:30:00,738497.229166667,437.733333333333,453,424.466666666667,406,494
07-Dec-2021 05:45:00,738497.239583333,438,445.8,424,407.8,494.933333333333
07-Dec-2021 06:00:00,738497.25,428.466666666667,441,431.466666666667,412,494.866666666667
07-Dec-2021 06:15:00,738497.260416667,425,435,432,407.2,495.666666666667
07-Dec-2021 06:30:00,738497.270833333,419.866666666667,431,409.6,418,495.666666666667
07-Dec-2021 06:45:00,738497.28125,418,433.4,408,404,495.6
07-Dec-2021 07:00:00,738497.291666667,417.266666666667,435,417.333333333333,401,496
07-Dec-2021 07:15:00,738497.302083333,417,435.6,418,415.8,495.533333333333
07-Dec-2021 07:30:00,738497.3125,416.266666666667,436,431.066666666667,435,497
07-Dec-2021 07:45:00,738497.322916667,416,443.8,432,429,497.066666666667
07-Dec-2021 08:00:00,738497.333333333,420.4,449,418.933333333333,417,496.8
07-Dec-2021 08:15:00,738497.34375,422,454.4,418,439.4,497.733333333333
07-Dec-2021 08:30:00,738497.354166667,468.933333333333,458,468.4,470,497.466666666667
07-Dec-2021 08:45:00,738497.364583333,486,491,472,486,497.6
07-Dec-2021 09:00:00,738497.375,503.6,513,484.133333333333,492,497.266666666667
07-Dec-2021 09:15:00,738497.385416667,510,515.4,485,505.733333333333,497.266666666667
07-Dec-2021 09:30:00,738497.395833333,511.466666666667,517,502.733333333333,520,496.6
07-Dec-2021 09:45:00,738497.40625,512,523.6,504,501.4,496.666666666667
07-Dec-2021 10:00:00,738497.416666667,519.333333333333,528,508.666666666667,502,495.933333333333
07-Dec-2021 10:15:00,738497.427083333,522,572,509,534.2,495.266666666667
07-Dec-2021 10:30:00,738497.4375,576.266666666667,664.2,560.466666666667,561.8,494.466666666667
07-Dec-2021 10:45:00,738497.447916667,596,706.2,567,630.4,493.866666666667
07-Dec-2021 11:00:00,738497.458333333,660.533333333333,721,622.066666666667,652,492.733333333333
07-Dec-2021 11:15:00,738497.46875,694,716.2,652.133333333333,669.6,492.2
07-Dec-2021 11:30:00,738497.479166667,721.133333333333,713,692.733333333333,690,492.733333333333
07-Dec-2021 11:45:00,738497.489583333,731,744.8,694,694.6,492.066666666667
07-Dec-2021 12:00:00,738497.5,753.733333333333,766,716.4,706,492.6
07-Dec-2021 12:15:00,738497.510416667,762,760.6,718,701.8,492.333333333333
07-Dec-2021 12:30:00,738497.520833333,748.066666666667,757,709.6,694,491.933333333333
07-Dec-2021 12:45:00,738497.53125,743,743.2,709,673.4,492.266666666667
07-Dec-2021 13:00:00,738497.541666667,725.4,734,689.4,668,492.133333333333
07-Dec-2021 13:15:00,738497.552083333,719,736.4,688,692,492.733333333333
07-Dec-2021 13:30:00,738497.5625,758.6,738,722.533333333333,680,491.133333333333
07-Dec-2021 13:45:00,738497.572916667,773,745.8,725,725,491.266666666667
07-Dec-2021 14:00:00,738497.583333333,743.666666666667,751,694.2,725,491.4
07-Dec-2021 14:15:00,738497.59375,733,748,692,722,491
07-Dec-2021 14:30:00,738497.604166667,731.533333333333,746,671.466666666667,722,490.866666666667
07-Dec-2021 14:45:00,738497.614583333,731,753.8,670,707.8,497.133333333333
07-Dec-2021 15:00:00,738497.625,738.333333333333,759,685.866666666667,712,498.733333333333
07-Dec-2021 15:15:00,738497.635416667,741,744.6,687,680.6,498.6
07-Dec-2021 15:30:00,738497.645833333,735.133333333333,735,679.533333333333,674,497.4
07-Dec-2021 15:45:00,738497.65625,733,715.2,679,661,491.666666666667
07-Dec-2021 16:00:00,738497.666666667,688.266666666667,702,645.4,649,491.133333333333
07-Dec-2021 16:15:00,738497.677083333,672,717.6,643,641,490.066666666667
07-Dec-2021 16:30:00,738497.6875,745.6,762.2,680.333333333333,702.2,489.666666666667
07-Dec-2021 16:45:00,738497.697916667,798,912.4,722.6,783.8,494.933333333333
07-Dec-2021 17:00:00,738497.708333333,895.666666666667,1008.86666666667,849.733333333333,877.333333333333,497.066666666667
07-Dec-2021 17:15:00,738497.71875,1070.2,1134,924,973.2,497.066666666667
07-Dec-2021 17:30:00,738497.729166667,1211.06666666667,1212.8,1017.6,1039.2,497.4
07-Dec-2021 17:45:00,738497.739583333,1276,1313,1029,1124,498.066666666667
07-Dec-2021 18:00:00,738497.75,1322.93333333333,1330,1116.33333333333,1182.66666666667,497.266666666667
07-Dec-2021 18:15:00,738497.760416667,1380.8,1464,1138,1246.2,497.2
07-Dec-2021 18:30:00,738497.770833333,1474.33333333333,1492.4,1222.53333333333,1256.73333333333,498.066666666667
07-Dec-2021 18:45:00,738497.78125,1517,1566.2,1319.8,1314.2,497.733333333333
07-Dec-2021 19:00:00,738497.791666667,1534.6,1553,1367.06666666667,1322,492.6
07-Dec-2021 19:15:00,738497.802083333,1541,1549.4,1366,1248,489
07-Dec-2021 19:30:00,738497.8125,1510.93333333333,1547,1286.53333333333,1248,489.266666666667
07-Dec-2021 19:45:00,738497.822916667,1500,1497.93333333333,1288,1199.86666666667,489.133333333333
07-Dec-2021 20:00:00,738497.833333333,1411.26666666667,1495,1178.13333333333,1168,489
07-Dec-2021 20:15:00,738497.84375,1403,1410,1160,1102,489.133333333333
07-Dec-2021 20:30:00,738497.854166667,1305.13333333333,1380,1096.53333333333,1068,489.133333333333
07-Dec-2021 20:45:00,738497.864583333,1277.8,1319.13333333333,1058.4,1002.4,488.866666666667
07-Dec-2021 21:00:00,738497.875,1203.53333333333,1275,1030.8,938.866666666667,489.4
07-Dec-2021 21:15:00,738497.885416667,1203,1213.4,993.533333333333,935.6,488.466666666667
07-Dec-2021 21:30:00,738497.895833333,1134.4,1171,955.8,914,489.4
07-Dec-2021 21:45:00,738497.90625,1137,1154.2,956,853.4,489.933333333333
07-Dec-2021 22:00:00,738497.916666667,1043,1101.93333333333,883.066666666667,849.266666666667,490.733333333333
07-Dec-2021 22:15:00,738497.927083333,995,1068.2,853,827.8,497
07-Dec-2021 22:30:00,738497.9375,958.333333333333,1018.2,839,826,498.333333333333
07-Dec-2021 22:45:00,738497.947916667,902.6,955.8,838,792.8,499.866666666667
07-Dec-2021 23:00:00,738497.958333333,880.266666666667,959,804.4,785,499.8
07-Dec-2021 23:15:00,738497.96875,876,836.4,794.933333333333,759.4,500
07-Dec-2021 23:30:00,738497.979166667,820.866666666667,854,755.533333333333,752.333333333333,500.933333333333
07-Dec-2021 23:45:00,738497.989583333,790,834.8,756,714.4,501.066666666667
08-Dec-2021 00:00:00,738498,777.533333333333,822,710.266666666667,703,501.4
08-Dec-2021 00:15:00,738498.010416667,773,799.8,707,686,502.2
08-Dec-2021 00:30:00,738498.020833333,747.333333333333,785,695.8,683,502.066666666667
08-Dec-2021 00:45:00,738498.03125,738,765.8,695,666.2,500.733333333333
08-Dec-2021 01:00:00,738498.041666667,717.866666666667,753,674.466666666667,671,501.2
08-Dec-2021 01:15:00,738498.052083333,686,734.4,648.733333333333,645.6,500.733333333333
08-Dec-2021 01:30:00,738498.0625,672.8,709,644.066666666667,629.8,500.933333333333
08-Dec-2021 01:45:00,738498.072916667,668,695.2,644,613.8,501.2
08-Dec-2021 02:00:00,738498.083333333,640.866666666667,686,601.066666666667,591,500.4
08-Dec-2021 02:15:00,738498.09375,631,670.4,598,576.8,500.933333333333
08-Dec-2021 02:30:00,738498.104166667,620.733333333333,660,580.266666666667,578,500.466666666667
08-Dec-2021 02:45:00,738498.114583333,610.4,642.6,579,562,500.666666666667
08-Dec-2021 03:00:00,738498.125,593.533333333333,631,550.066666666667,565,500.8
08-Dec-2021 03:15:00,738498.135416667,597,609.6,545,543.6,500.666666666667
08-Dec-2021 03:30:00,738498.145833333,587.466666666667,610,542.066666666667,534.333333333333,499.866666666667
08-Dec-2021 03:45:00,738498.15625,584,598.6,542,523.6,500.266666666667
08-Dec-2021 04:00:00,738498.166666667,562,591,525.2,526,499.8
08-Dec-2021 04:15:00,738498.177083333,554,583.8,524,506.6,499.8
08-Dec-2021 04:30:00,738498.1875,535.666666666667,579,520.266666666667,503,499.533333333333
08-Dec-2021 04:45:00,738498.197916667,529,565.8,520,498.6,499.333333333333
08-Dec-2021 05:00:00,738498.208333333,523.133333333333,557,502.266666666667,498,499.666666666667
08-Dec-2021 05:15:00,738498.21875,521,545,501,488.8,499.333333333333
08-Dec-2021 05:30:00,738498.229166667,508.533333333333,537,486.066666666667,487,499.266666666667
08-Dec-2021 05:45:00,738498.239583333,486.666666666667,525,485,473,498.8
08-Dec-2021 06:00:00,738498.25,484.733333333333,509.2,471,473,499.4
08-Dec-2021 06:15:00,738498.260416667,485,517,470,461.8,499.6
08-Dec-2021 06:30:00,738498.270833333,475.466666666667,523,461.6,460,499.533333333333
08-Dec-2021 06:45:00,738498.28125,472,508.6,461,448.4,498.466666666667
08-Dec-2021 07:00:00,738498.291666667,457.333333333333,499,440.466666666667,420.133333333333,498.933333333333
08-Dec-2021 07:15:00,738498.302083333,452,521.2,440,461.6,499.066666666667
08-Dec-2021 07:30:00,738498.3125,487.933333333333,536,490.4,479,497.8
08-Dec-2021 07:45:00,738498.322916667,501,548.6,494,481.4,480.933333333333
08-Dec-2021 08:00:00,738498.333333333,524.466666666667,557,515.466666666667,491.6,475.933333333333
08-Dec-2021 08:15:00,738498.34375,575,615.2,550.8,530.8,476.466666666667
08-Dec-2021 08:30:00,738498.354166667,644.4,661.333333333333,612.933333333333,597.4,482.333333333333
08-Dec-2021 08:45:00,738498.364583333,671.6,720,641,639.4,481.8
08-Dec-2021 09:00:00,738498.375,712.666666666667,769,661.666666666667,649,481.533333333333
08-Dec-2021 09:15:00,738498.385416667,718,825,662,696.4,482.2
08-Dec-2021 09:30:00,738498.395833333,760.533333333333,825,714.266666666667,700,482.2
08-Dec-2021 09:45:00,738498.40625,797.466666666667,990.933333333333,748,765.8,482.6
08-Dec-2021 10:00:00,738498.416666667,835.666666666667,1064.8,777,766,482.466666666667
08-Dec-2021 10:15:00,738498.427083333,849,854.6,778,757.6,482.066666666667
08-Dec-2021 10:30:00,738498.4375,850.466666666667,843,804.133333333333,778,481.666666666667
08-Dec-2021 10:45:00,738498.447916667,851,870,806,745,483
08-Dec-2021 11:00:00,738498.458333333,821.666666666667,888,761.2,718,482.866666666667
08-Dec-2021 11:15:00,738498.46875,811,844.8,758,730,482.466666666667
08-Dec-2021 11:30:00,738498.479166667,794.866666666667,816,736.533333333333,724,482.6
08-Dec-2021 11:45:00,738498.489583333,789,819.6,735,705.4,481.8
08-Dec-2021 12:00:00,738498.5,768.466666666667,822,707,700,481.666666666667
08-Dec-2021 12:15:00,738498.510416667,761,797.4,705,664,481.666666666667
08-Dec-2021 12:30:00,738498.520833333,737.533333333333,771,685.4,673,482.2
08-Dec-2021 12:45:00,738498.53125,729,762,684,652.6,481.533333333333
08-Dec-2021 13:00:00,738498.541666667,729.733333333333,756,664.466666666667,652,481.266666666667
08-Dec-2021 13:15:00,738498.552083333,730,860.533333333333,715.2,709.133333333333,482.2
08-Dec-2021 13:30:00,738498.5625,883.466666666667,1308,842.266666666667,987.533333333333,491.733333333333
08-Dec-2021 13:45:00,738498.572916667,1011,1264.2,1051.66666666667,926.2,492.6
08-Dec-2021 14:00:00,738498.583333333,1088.8,1201,978.8,909,492.666666666667
08-Dec-2021 14:15:00,738498.59375,1176.8,1183,1025.8,994.066666666667,493.4
08-Dec-2021 14:30:00,738498.604166667,1231.13333333333,1248.86666666667,1031,1056,493
08-Dec-2021 14:45:00,738498.614583333,1221,1355.4,1031,1028.4,483.4
08-Dec-2021 15:00:00,738498.625,1223.2,1457.26666666667,1018.86666666667,1056,481.8
08-Dec-2021 15:15:00,738498.635416667,1224,1418.6,1018,1014,481.266666666667
08-Dec-2021 15:30:00,738498.645833333,1245.26666666667,1288.86666666667,1045.06666666667,1014,480.733333333333
08-Dec-2021 15:45:00,738498.65625,1253,1341,1092.33333333333,1032.4,481.133333333333
08-Dec-2021 16:00:00,738498.666666667,1291.86666666667,1384,1102.13333333333,1072,481.266666666667
08-Dec-2021 16:15:00,738498.677083333,1306,1399,1100,1056,480.733333333333
08-Dec-2021 16:30:00,738498.6875,1251.73333333333,1409,1037.8,1056,488.6
08-Dec-2021 16:45:00,738498.697916667,1192.8,1224.8,968,891.6,493.2
08-Dec-2021 17:00:00,738498.708333333,1128.93333333333,1135.93333333333,863.6,873,493.8
08-Dec-2021 17:15:00,738498.71875,1037,1114.8,823.533333333333,821.2,488
08-Dec-2021 17:30:00,738498.729166667,947,1074.4,793,799,483.4
08-Dec-2021 17:45:00,738498.739583333,884.8,970,791,743,483.266666666667
08-Dec-2021 18:00:00,738498.75,810,974,735,743,482.466666666667
08-Dec-2021 18:15:00,738498.760416667,810,864.733333333333,720,690.866666666667,481.933333333333
08-Dec-2021 18:30:00,738498.770833333,767.466666666667,853,678,681,482.6
08-Dec-2021 18:45:00,738498.78125,728,781.733333333333,675,655,483.533333333333
08-Dec-2021 19:00:00,738498.791666667,683.533333333333,754,636.733333333333,608.8,483.133333333333
08-Dec-2021 19:15:00,738498.802083333,675,737.2,634,600.8,483.8
08-Dec-2021 19:30:00,738498.8125,699.2,726,644.266666666667,620,484.066666666667
08-Dec-2021 19:45:00,738498.822916667,708,717.6,645,609.8,483.8
08-Dec-2021 20:00:00,738498.833333333,686,712,618.533333333333,608,484.333333333333
08-Dec-2021 20:15:00,738498.84375,678,697,616,588.4,483.4
08-Dec-2021 20:30:00,738498.854166667,656.733333333333,687,599.2,583,483.8
08-Dec-2021 20:45:00,738498.864583333,649,681.6,598,568.8,483.133333333333
08-Dec-2021 21:00:00,738498.875,620.4,666.266666666667,583.066666666667,558,483.533333333333
08-Dec-2021 21:15:00,738498.885416667,607.6,651.2,582,545.8,483.666666666667
08-Dec-2021 21:30:00,738498.895833333,592.8,644,551.2,538,484.466666666667
08-Dec-2021 21:45:00,738498.90625,588,631.4,549,521.6,483.533333333333
08-Dec-2021 22:00:00,738498.916666667,577.733333333333,623,527.533333333333,515,483.8
08-Dec-2021 22:15:00,738498.927083333,574,612.2,525.333333333333,494,483.666666666667
08-Dec-2021 22:30:00,738498.9375,559.333333333333,605,519.733333333333,492,484.333333333333
08-Dec-2021 22:45:00,738498.947916667,554,593.6,520,498,483.4
08-Dec-2021 23:00:00,738498.958333333,540.066666666667,586,501.333333333333,495,484.066666666667
08-Dec-2021 23:15:00,738498.96875,535,572.2,500,478.2,483.666666666667
08-Dec-2021 23:30:00,738498.979166667,513.933333333333,572,476.666666666667,462,483.133333333333
08-Dec-2021 23:45:00,738498.989583333,506,552.8,475,447,483.933333333333
09-Dec-2021 00:00:00,738499,500.866666666667,540,456.333333333333,453,483.533333333333
09-Dec-2021 00:15:00,738499.010416667,499,540,455,429.2,483.933333333333
09-Dec-2021 00:30:00,738499.020833333,474.8,540,453.133333333333,431,483.266666666667
09-Dec-2021 00:45:00,738499.03125,466,513.6,453,417.2,483.4
09-Dec-2021 01:00:00,738499.041666667,466.733333333333,496,446.466666666667,416,483.8
09-Dec-2021 01:15:00,738499.052083333,467,496.6,418.8,407.6,484.333333333333
09-Dec-2021 01:30:00,738499.0625,450.866666666667,497,415.733333333333,401,484.6
09-Dec-2021 01:45:00,738499.072916667,445,480.2,416,400,484.866666666667
09-Dec-2021 02:00:00,738499.083333333,421.533333333333,458,413.2,400,485.666666666667
09-Dec-2021 02:15:00,738499.09375,405,456.2,413,400,485.133333333333
09-Dec-2021 02:30:00,738499.104166667,407.2,455,400.866666666667,400,486.466666666667
09-Dec-2021 02:45:00,738499.114583333,408,442.4,400,402,485.666666666667
09-Dec-2021 03:00:00,738499.125,404.333333333333,434,400.933333333333,405,485.8
09-Dec-2021 03:15:00,738499.135416667,403,424.4,401,402.8,487.133333333333
09-Dec-2021 03:30:00,738499.145833333,400.8,418,400.066666666667,407,487.666666666667
09-Dec-2021 03:45:00,738499.15625,400,410.8,400,400.6,487.8
09-Dec-2021 04:00:00,738499.166666667,400,406,400,400,488.6
09-Dec-2021 04:15:00,738499.177083333,400,402.4,400,400,488.466666666667
09-Dec-2021 04:30:00,738499.1875,400,400,406.533333333333,400,489
09-Dec-2021 04:45:00,738499.197916667,400,403.6,407,400.4,489.533333333333
09-Dec-2021 05:00:00,738499.208333333,400,406,404.2,401,489.133333333333
09-Dec-2021 05:15:00,738499.21875,400,403.6,404,400,490.2
09-Dec-2021 05:30:00,738499.229166667,400,402,402.133333333333,400,490.6
09-Dec-2021 05:45:00,738499.239583333,400,400.8,402,404,490.333333333333
09-Dec-2021 06:00:00,738499.25,400,400,404.8,404,491.666666666667
09-Dec-2021 06:15:00,738499.260416667,400,400,405,400,491.666666666667
09-Dec-2021 06:30:00,738499.270833333,400,400,400.333333333333,400,491.666666666667
09-Dec-2021 06:45:00,738499.28125,400,400,400,400.8,491.8
09-Dec-2021 07:00:00,738499.291666667,405.133333333333,400,404.666666666667,402,492
09-Dec-2021 07:15:00,738499.302083333,407,403.6,405,406.6,492.133333333333
09-Dec-2021 07:30:00,738499.3125,424.6,406,421.8,412,492.666666666667
09-Dec-2021 07:45:00,738499.322916667,431,427,423,427.4,493
09-Dec-2021 08:00:00,738499.333333333,434.666666666667,441,439.8,428,493.333333333333
09-Dec-2021 08:15:00,738499.34375,436,436.2,441,435.6,493.133333333333
09-Dec-2021 08:30:00,738499.354166667,439.666666666667,433,434.466666666667,438,493.333333333333
09-Dec-2021 08:45:00,738499.364583333,441,431.8,434,437.8,488
09-Dec-2021 09:00:00,738499.375,432.933333333333,431,430.266666666667,442,533.333333333333
09-Dec-2021 09:15:00,738499.385416667,435.6,419,440.933333333333,429.4,527
09-Dec-2021 09:30:00,738499.395833333,539.666666666667,411,511.066666666667,466,490.733333333333
09-Dec-2021 09:45:00,738499.40625,549,468.6,511,525,500
09-Dec-2021 10:00:00,738499.416666667,521.866666666667,507,500.733333333333,516,500
09-Dec-2021 10:15:00,738499.427083333,512,502.8,500,504,500
09-Dec-2021 10:30:00,738499.4375,501,500,499.066666666667,504,501.6
09-Dec-2021 10:45:00,738499.447916667,497,457.4,499,497.8,516.933333333333
09-Dec-2021 11:00:00,738499.458333333,503.6,429,497.133333333333,475,515.666666666667
09-Dec-2021 11:15:00,738499.46875,506,490.8,497,501.6,511.2
09-Dec-2021 11:30:00,738499.479166667,500.866666666667,532,472.466666666667,516,513.266666666667
09-Dec-2021 11:45:00,738499.489583333,499,526.6,521,502,523.133333333333
09-Dec-2021 12:00:00,738499.5,499.733333333333,523,507,484,519.733333333333
09-Dec-2021 12:15:00,738499.510416667,500,507.4,506,492.6,516.533333333333
09-Dec-2021 12:30:00,738499.520833333,497.8,497,490.133333333333,492,496.2
09-Dec-2021 12:45:00,738499.53125,497,500.6,489,476,486.866666666667
09-Dec-2021 13:00:00,738499.541666667,499.933333333333,503,490.866666666667,470,479.666666666667
09-Dec-2021 13:15:00,738499.552083333,501,508.4,491,474.2,491.733333333333
09-Dec-2021 13:30:00,738499.5625,499.533333333333,512,487.266666666667,485,490
09-Dec-2021 13:45:00,738499.572916667,499,504.2,487,473,503.333333333333
09-Dec-2021 14:00:00,738499.583333333,502.666666666667,507.133333333333,477.666666666667,482,503.933333333333
09-Dec-2021 14:15:00,738499.59375,504,551,594.333333333333,551.2,503.933333333333
09-Dec-2021 14:30:00,738499.604166667,580.266666666667,553.733333333333,596.066666666667,598,503.4
09-Dec-2021 14:45:00,738499.614583333,616,689.8,592,787.666666666667,503.333333333333
09-Dec-2021 15:00:00,738499.625,701.066666666667,699,651.733333333333,724,503.4
09-Dec-2021 15:15:00,738499.635416667,738,738.533333333333,710.8,716.4,502.666666666667
09-Dec-2021 15:30:00,738499.645833333,768.066666666667,796,747.266666666667,726,504
09-Dec-2021 15:45:00,738499.65625,872.6,802,744,749.2,503.466666666667
09-Dec-2021 16:00:00,738499.666666667,854,848.466666666667,848.266666666667,770.4,503.866666666667
09-Dec-2021 16:15:00,738499.677083333,903,898.2,859,818,504.533333333333
09-Dec-2021 16:30:00,738499.6875,1009.6,899,859,815,501.133333333333
09-Dec-2021 16:45:00,738499.697916667,922.533333333333,946.333333333333,859,844.2,492.733333333333
09-Dec-2021 17:00:00,738499.708333333,980.866666666667,1002,860.866666666667,847.866666666667,491.866666666667
09-Dec-2021 17:15:00,738499.71875,1011,1060.13333333333,904.2,906.6,491.133333333333
09-Dec-2021 17:30:00,738499.729166667,1027.13333333333,1105,953.133333333333,921,491.8
09-Dec-2021 17:45:00,738499.739583333,1033,1048.53333333333,952,849.2,491.533333333333
09-Dec-2021 18:00:00,738499.75,982.4,990,889.8,842,490.866666666667
09-Dec-2021 18:15:00,738499.760416667,964,975.6,868,850.6,490.866666666667
09-Dec-2021 18:30:00,738499.770833333,928.066666666667,910,853.066666666667,832,491.4
09-Dec-2021 18:45:00,738499.78125,921,897.6,852,823.2,491.466666666667
09-Dec-2021 19:00:00,738499.791666667,873.333333333333,908,828.666666666667,805.8,490.866666666667
09-Dec-2021 19:15:00,738499.802083333,856,872,827,788.2,491.266666666667
09-Dec-2021 19:30:00,738499.8125,832.533333333333,848,795.266666666667,787,491.533333333333
09-Dec-2021 19:45:00,738499.822916667,822.066666666667,832.4,791.133333333333,773,491
09-Dec-2021 20:00:00,738499.833333333,796.466666666667,822,775.266666666667,773,491.8
09-Dec-2021 20:15:00,738499.84375,797,792.733333333333,776,735.4,491.733333333333
09-Dec-2021 20:30:00,738499.854166667,772.8,791,748,739,492.066666666667
09-Dec-2021 20:45:00,738499.864583333,764,778.4,746,701.733333333333,492.2
09-Dec-2021 21:00:00,738499.875,741.266666666667,770,712.4,690,492.666666666667
09-Dec-2021 21:15:00,738499.885416667,733,746.6,710,672.2,492.8
09-Dec-2021 21:30:00,738499.895833333,705.333333333333,731,689.466666666667,665,493.466666666667
09-Dec-2021 21:45:00,738499.90625,699,707.8,670.666666666667,647.8,493.066666666667
09-Dec-2021 22:00:00,738499.916666667,685.8,675,664.8,643,493
09-Dec-2021 22:15:00,738499.927083333,681,680.4,665,624.2,493.4
09-Dec-2021 22:30:00,738499.9375,656.8,684,641.666666666667,623,493.4
09-Dec-2021 22:45:00,738499.947916667,648,659.4,640,590.533333333333,493.466666666667
09-Dec-2021 23:00:00,738499.958333333,629.666666666667,643,616.666666666667,594,493.666666666667
09-Dec-2021 23:15:00,738499.96875,618.866666666667,629.2,615,568.4,494
09-Dec-2021 23:30:00,738499.979166667,590.533333333333,620,581.4,563,494.2
09-Dec-2021 23:45:00,738499.989583333,590,608,572.333333333333,552,494.666666666667
10-Dec-2021 00:00:00,738500,583.4,590.133333333333,561.8,552,495.6
10-Dec-2021 00:15:00,738500.010416667,581,561.2,562,513.8,496.066666666667
10-Dec-2021 00:30:00,738500.020833333,554.6,560,541.466666666667,515,496.733333333333
10-Dec-2021 00:45:00,738500.03125,545,551.6,540,506.2,496.666666666667
10-Dec-2021 01:00:00,738500.041666667,519.333333333333,546,510.133333333333,496.6,497.2
10-Dec-2021 01:15:00,738500.052083333,502,529.2,508,484.6,497.333333333333
10-Dec-2021 01:30:00,738500.0625,426.933333333333,448.733333333333,412.866666666667,478,504.4
10-Dec-2021 01:45:00,738500.072916667,404,516.2,400,482.2,493.866666666667
10-Dec-2021 02:00:00,738500.083333333,446.533333333333,517,477.466666666667,484,492.733333333333
10-Dec-2021 02:15:00,738500.09375,462,495.4,483,453.2,491.533333333333
10-Dec-2021 02:30:00,738500.104166667,450.266666666667,481,453.133333333333,446,491
10-Dec-2021 02:45:00,738500.114583333,446,476.2,451,430.8,490.066666666667
10-Dec-2021 03:00:00,738500.125,443.066666666667,473,449.133333333333,426,489.666666666667
10-Dec-2021 03:15:00,738500.135416667,442,467,449,421,489.666666666667
10-Dec-2021 03:30:00,738500.145833333,434.666666666667,463,437.8,421,489.666666666667
10-Dec-2021 03:45:00,738500.15625,432,456.4,437,408.4,489.8
10-Dec-2021 04:00:00,738500.166666667,410.733333333333,452,431.4,400,489.133333333333
10-Dec-2021 04:15:00,738500.177083333,403,439.4,431,400.8,489.666666666667
10-Dec-2021 04:30:00,738500.1875,408.866666666667,431,408.6,402,488.6
10-Dec-2021 04:45:00,738500.197916667,411,421.2,407,402,488.733333333333
10-Dec-2021 05:00:00,738500.208333333,402.933333333333,412,404.2,405,488.733333333333
10-Dec-2021 05:15:00,738500.21875,400,407.8,404,406,488.333333333333
10-Dec-2021 05:30:00,738500.229166667,405.133333333333,405,408.666666666667,406,489
10-Dec-2021 05:45:00,738500.239583333,407,408,409,404.2,488.866666666667
10-Dec-2021 06:00:00,738500.25,401.866666666667,410,402.466666666667,400,489.666666666667
10-Dec-2021 06:15:00,738500.260416667,400,407.6,402,402.2,490.466666666667
10-Dec-2021 06:30:00,738500.270833333,402.933333333333,406,400.133333333333,401,490.333333333333
10-Dec-2021 06:45:00,738500.28125,404,402.4,400,400,490.866666666667
10-Dec-2021 07:00:00,738500.291666667,401.066666666667,400,400.933333333333,400,490.2
10-Dec-2021 07:15:00,738500.302083333,400,400,401,416.4,491.133333333333
10-Dec-2021 07:30:00,738500.3125,460.866666666667,460.8,485.866666666667,429,492.6
10-Dec-2021 07:45:00,738500.322916667,483,533.8,505,553.4,493.866666666667
10-Dec-2021 08:00:00,738500.333333333,532.133333333333,547,505,554,494.733333333333
10-Dec-2021 08:15:00,738500.34375,550,535.266666666667,505,534.8,506.866666666667
10-Dec-2021 08:30:00,738500.354166667,578.2,580.066666666667,462.333333333333,536,503.4
10-Dec-2021 08:45:00,738500.364583333,590,725.4,500,627,491.4
10-Dec-2021 09:00:00,738500.375,638.133333333333,727,602.533333333333,734,489.533333333333
10-Dec-2021 09:15:00,738500.385416667,699,734.2,611,678,489.266666666667
10-Dec-2021 09:30:00,738500.395833333,726.866666666667,739,672.6,678,488.733333333333
10-Dec-2021 09:45:00,738500.40625,737,743.2,677,701.6,489
10-Dec-2021 10:00:00,738500.416666667,739.2,746,687.266666666667,710,489.266666666667
10-Dec-2021 10:15:00,738500.427083333,740,812.8,710.533333333333,750.4,491.666666666667
10-Dec-2021 10:30:00,738500.4375,813.666666666667,816,743.866666666667,757,491.466666666667
10-Dec-2021 10:45:00,738500.447916667,819,802.8,746,771.2,492.066666666667
10-Dec-2021 11:00:00,738500.458333333,839.533333333333,794,782.4,776,492.4
10-Dec-2021 11:15:00,738500.46875,847,816.8,785,796.4,501.333333333333
10-Dec-2021 11:30:00,738500.479166667,808.866666666667,757.466666666667,703.8,797,500.266666666667
10-Dec-2021 11:45:00,738500.489583333,795,811.8,743,814,490.866666666667
10-Dec-2021 12:00:00,738500.5,810.4,831.133333333333,750.466666666667,791.4,489.4
10-Dec-2021 12:15:00,738500.510416667,816,829.6,751,768.066666666667,490.066666666667
10-Dec-2021 12:30:00,738500.520833333,796.2,790,753.8,746,490.2
10-Dec-2021 12:45:00,738500.53125,789,790,754,734,489.666666666667
10-Dec-2021 13:00:00,738500.541666667,785.333333333333,790,726.933333333333,728,489
10-Dec-2021 13:15:00,738500.552083333,784,759.4,725,718,489.133333333333
10-Dec-2021 13:30:00,738500.5625,774.466666666667,713.8,699.8,718,489
10-Dec-2021 13:45:00,738500.572916667,771,718,698,712.2,488.333333333333
10-Dec-2021 14:00:00,738500.583333333,748.266666666667,740,666.266666666667,696,488.066666666667
10-Dec-2021 14:15:00,738500.59375,736.866666666667,740,640,653.666666666667,488.066666666667
10-Dec-2021 14:30:00,738500.604166667,702.533333333333,740,631.2,658,487.4
10-Dec-2021 14:45:00,738500.614583333,706,682.4,631,634,487.133333333333
10-Dec-2021 15:00:00,738500.625,674.466666666667,644,615.133333333333,622,487.266666666667
10-Dec-2021 15:15:00,738500.635416667,663,633.8,614,594.4,487.4
10-Dec-2021 15:30:00,738500.645833333,639.533333333333,627,586.933333333333,589,487.533333333333
10-Dec-2021 15:45:00,738500.65625,631,602.8,585,572.2,487.8
10-Dec-2021 16:00:00,738500.666666667,627.333333333333,581,566.133333333333,553,488.066666666667
10-Dec-2021 16:15:00,738500.677083333,610,578,531,564.2,488.733333333333
10-Dec-2021 16:30:00,738500.6875,588.2,576,556.2,563,488.2
10-Dec-2021 16:45:00,738500.697916667,589,568.2,558,551,489.666666666667
10-Dec-2021 17:00:00,738500.708333333,591.933333333333,563,552.4,551,489.933333333333
10-Dec-2021 17:15:00,738500.71875,593,560.6,552,537.4,489.266666666667
10-Dec-2021 17:30:00,738500.729166667,569.533333333333,559,523.066666666667,538,489.8
10-Dec-2021 17:45:00,738500.739583333,561,540.4,521,501.2,490.6
10-Dec-2021 18:00:00,738500.75,550.733333333333,528,501.4,500,490.6
10-Dec-2021 18:15:00,738500.760416667,547,520.8,500,503.6,491.133333333333
10-Dec-2021 18:30:00,738500.770833333,542.6,516,532.066666666667,500,491.133333333333
10-Dec-2021 18:45:00,738500.78125,582.6,641.466666666667,729.333333333333,657.133333333333,520.066666666667
10-Dec-2021 19:00:00,738500.791666667,1370.53333333333,2011.33333333333,1399.6,1337.8,525.933333333333
10-Dec-2021 19:15:00,738500.802083333,1819.6,2085.93333333333,1525,1703.66666666667,499.133333333333
10-Dec-2021 19:30:00,738500.8125,1874.13333333333,2217,1553.93333333333,1657.46666666667,490.2
10-Dec-2021 19:45:00,738500.822916667,1888,2177.73333333333,1556,1666.2,490.333333333333
10-Dec-2021 20:00:00,738500.833333333,1857.2,2072,1507.46666666667,1671,489.266666666667
10-Dec-2021 20:15:00,738500.84375,1846,2024.2,1504,1614.8,497.666666666667
10-Dec-2021 20:30:00,738500.854166667,1835,1948,1547.86666666667,1580,499.933333333333
10-Dec-2021 20:45:00,738500.864583333,1831,1932.4,1551,1575.4,501.466666666667
10-Dec-2021 21:00:00,738500.875,1829.53333333333,1872.53333333333,1612.53333333333,1564,500.666666666667
10-Dec-2021 21:15:00,738500.885416667,1829,1823.2,1561.13333333333,1578.46666666667,493
10-Dec-2021 21:30:00,738500.895833333,1745.26666666667,1688.93333333333,1453.06666666667,1467.66666666667,493.133333333333
10-Dec-2021 21:45:00,738500.90625,1614,1580.4,1347,1356.86666666667,493.333333333333
10-Dec-2021 22:00:00,738500.916666667,1549.8,1510,1258.73333333333,1300,493.866666666667
10-Dec-2021 22:15:00,738500.927083333,1497,1441.6,1237,1230.4,493.666666666667
10-Dec-2021 22:30:00,738500.9375,1383.26666666667,1336.46666666667,1144.86666666667,1193,494.866666666667
10-Dec-2021 22:45:00,738500.947916667,1336.06666666667,1308,1122,1077.8,495.066666666667
10-Dec-2021 23:00:00,738500.958333333,1273.4,1194.4,1030.06666666667,1056,495.6
10-Dec-2021 23:15:00,738500.96875,1200,1176.2,1022,977.933333333333,496.133333333333
10-Dec-2021 23:30:00,738500.979166667,1128,1153.8,902.6,958.333333333333,496.866666666667
10-Dec-2021 23:45:00,738500.989583333,1080,1051.4,903,907,497.266666666667
11-Dec-2021 00:00:00,738501,1010.73333333333,1023.66666666667,848.866666666667,907,497.933333333333
11-Dec-2021 00:15:00,738501.010416667,979,945.6,835.2,822.8,498.066666666667
11-Dec-2021 00:30:00,738501.020833333,904.4,934.2,801.6,824,498.466666666667
11-Dec-2021 00:45:00,738501.03125,878,850.6,802,796.066666666667,498.2
11-Dec-2021 01:00:00,738501.041666667,839.866666666667,849,745.066666666667,772,497.8
11-Dec-2021 01:15:00,738501.052083333,826,819,741,737.4,498.866666666667
11-Dec-2021 01:30:00,738501.0625,782.866666666667,665.466666666667,616.8,657.266666666667,530.533333333333
11-Dec-2021 01:45:00,738501.072916667,682.333333333333,658.4,575.2,671.4,482.333333333333
11-Dec-2021 02:00:00,738501.083333333,700.666666666667,732,642,698,490.733333333333
11-Dec-2021 02:15:00,738501.09375,710,710.4,644,647.6,492.133333333333
11-Dec-2021 02:30:00,738501.104166667,691.666666666667,696,631.866666666667,644,496.4
11-Dec-2021 02:45:00,738501.114583333,685,684,631,634.4,497.2
11-Dec-2021 03:00:00,738501.125,654.2,676,610.466666666667,623,497.666666666667
11-Dec-2021 03:15:00,738501.135416667,643,635.2,609,594.2,498.466666666667
11-Dec-2021 03:30:00,738501.145833333,629.8,633,567,583,499.466666666667
11-Dec-2021 03:45:00,738501.15625,625,613.8,564,556.2,500.4
11-Dec-2021 04:00:00,738501.166666667,591.2,601,543.466666666667,555,500.466666666667
11-Dec-2021 04:15:00,738501.177083333,565,587.2,540,540,500.733333333333
11-Dec-2021 04:30:00,738501.1875,563.533333333333,578,521.333333333333,534,500.8
11-Dec-2021 04:45:00,738501.197916667,563,554.6,522,507,502.133333333333
11-Dec-2021 05:00:00,738501.208333333,530,524.266666666667,492.2,497.666666666667,510.333333333333
11-Dec-2021 05:15:00,738501.21875,462,412,400,432,507.266666666667
11-Dec-2021 05:30:00,738501.229166667,489.133333333333,400,459.733333333333,480,499.8
11-Dec-2021 05:45:00,738501.239583333,499,452.8,464,457,498.666666666667
11-Dec-2021 06:00:00,738501.25,477.733333333333,488,436.933333333333,457,498.333333333333
11-Dec-2021 06:15:00,738501.260416667,470,475.4,435,438.4,498.133333333333
11-Dec-2021 06:30:00,738501.270833333,446.533333333333,467,421.933333333333,445,498.2
11-Dec-2021 06:45:00,738501.28125,438,453.2,421,424.8,497.733333333333
11-Dec-2021 07:00:00,738501.291666667,426.266666666667,444,404.2,423,498.266666666667
11-Dec-2021 07:15:00,738501.302083333,422,431.4,403,417.8,498.8
11-Dec-2021 07:30:00,738501.3125,413.933333333333,423,400.2,419,498.733333333333
11-Dec-2021 07:45:00,738501.322916667,411,415.2,400,407.2,498.666666666667
11-Dec-2021 08:00:00,738501.333333333,402.933333333333,410,400.933333333333,400,498.666666666667
11-Dec-2021 08:15:00,738501.34375,400,406.4,401,401.8,498.733333333333
11-Dec-2021 08:30:00,738501.354166667,402.2,404,400.066666666667,400,499.466666666667
11-Dec-2021 08:45:00,738501.364583333,403,401.6,400,402.4,499.2
11-Dec-2021 09:00:00,738501.375,400.8,400,400,400,499.933333333333
11-Dec-2021 09:15:00,738501.385416667,400,400,400,400,499.8
11-Dec-2021 09:30:00,738501.395833333,404.4,400,402.8,400,500.466666666667
11-Dec-2021 09:45:00,738501.40625,406,401.8,403,403.6,501.466666666667
11-Dec-2021 10:00:00,738501.416666667,408.2,403,409.533333333333,403,501.666666666667
11-Dec-2021 10:15:00,738501.427083333,409,401.2,410,406.8,502.2
11-Dec-2021 10:30:00,738501.4375,402.4,400,411.866666666667,402,502.2
11-Dec-2021 10:45:00,738501.447916667,400,400,412,400,503.066666666667
11-Dec-2021 11:00:00,738501.458333333,402.933333333333,400,412,400,503
11-Dec-2021 11:15:00,738501.46875,404,406.6,412,409.8,502.8
11-Dec-2021 11:30:00,738501.479166667,406.933333333333,411,400.8,405,504.266666666667
11-Dec-2021 11:45:00,738501.489583333,408,404.4,400,409.6,509
11-Dec-2021 12:00:00,738501.5,402.133333333333,400,421.466666666667,400,502.533333333333
11-Dec-2021 12:15:00,738501.510416667,400,409.6,423,406.8,499.133333333333
11-Dec-2021 12:30:00,738501.520833333,414.666666666667,416,423,405,498.2
11-Dec-2021 12:45:00,738501.53125,420,439.4,423,454.2,497.933333333333
11-Dec-2021 13:00:00,738501.541666667,458.866666666667,455,455.666666666667,459,498
11-Dec-2021 13:15:00,738501.552083333,473,453.2,458,444.8,497.866666666667
11-Dec-2021 13:30:00,738501.5625,460.533333333333,452,445.866666666667,440,498.533333333333
11-Dec-2021 13:45:00,738501.572916667,456,448.4,445,438.8,499.133333333333
11-Dec-2021 14:00:00,738501.583333333,440.6,446,439.4,434,498.466666666667
11-Dec-2021 14:15:00,738501.59375,435,440.6,439,440.2,498.533333333333
11-Dec-2021 14:30:00,738501.604166667,443.8,437,429.666666666667,442,498.466666666667
11-Dec-2021 14:45:00,738501.614583333,447,432.8,429,433.6,498.266666666667
11-Dec-2021 15:00:00,738501.625,428.666666666667,430,430.866666666667,436,498.466666666667
11-Dec-2021 15:15:00,738501.635416667,422,419.2,431,423.6,498.066666666667
11-Dec-2021 15:30:00,738501.645833333,422,412,433.8,429,498.266666666667
11-Dec-2021 15:45:00,738501.65625,422,418.6,434,410.6,498.333333333333
11-Dec-2021 16:00:00,738501.666666667,419.066666666667,423,413.466666666667,407,498.133333333333
11-Dec-2021 16:15:00,738501.677083333,418,417,412,412,498.266666666667
11-Dec-2021 16:30:00,738501.6875,408.466666666667,413,403.6,412,498.4
11-Dec-2021 16:45:00,738501.697916667,405,409.4,403,411.2,498.333333333333
11-Dec-2021 17:00:00,738501.708333333,417.466666666667,407,420.733333333333,416,498.333333333333
11-Dec-2021 17:15:00,738501.71875,422,411.8,422,420.2,498.333333333333
11-Dec-2021 17:30:00,738501.729166667,417.6,415,411.733333333333,419,498.866666666667
11-Dec-2021 17:45:00,738501.739583333,416,414.4,411,412,498.933333333333
11-Dec-2021 18:00:00,738501.75,405.733333333333,414,407.266666666667,412,499.4
11-Dec-2021 18:15:00,738501.760416667,402,406.2,407,400,499.866666666667
11-Dec-2021 18:30:00,738501.770833333,416.666666666667,401,407,400,500.133333333333
11-Dec-2021 18:45:00,738501.78125,422,400.4,407,408.2,500.666666666667
11-Dec-2021 19:00:00,738501.791666667,419.066666666667,400,411.666666666667,401,501.2
11-Dec-2021 19:15:00,738501.802083333,418,402.4,412,406.6,502.733333333333
11-Dec-2021 19:30:00,738501.8125,412.866666666667,404,403.6,400,503.4
11-Dec-2021 19:45:00,738501.822916667,411,404,403,406,505.133333333333
11-Dec-2021 20:00:00,738501.833333333,404.4,404,400.2,415,505.666666666667
11-Dec-2021 20:15:00,738501.84375,402,401.6,400,405.2,506.066666666667
11-Dec-2021 20:30:00,738501.854166667,402.733333333333,400,400,413,512.2
11-Dec-2021 20:45:00,738501.864583333,403,400,400,417.2,515.266666666667
11-Dec-2021 21:00:00,738501.875,400.8,400,408.4,407,516.666666666667
11-Dec-2021 21:15:00,738501.885416667,400,400,409,400,517.6
11-Dec-2021 21:30:00,738501.895833333,402.933333333333,400,400.6,400,518.466666666667
11-Dec-2021 21:45:00,738501.90625,404,400,400,400.4,519.066666666667
11-Dec-2021 22:00:00,738501.916666667,401.066666666667,400,404.666666666667,401,520.133333333333
11-Dec-2021 22:15:00,738501.927083333,400,400,405,400,520.4
11-Dec-2021 22:30:00,738501.9375,400,400,402.2,400,519
11-Dec-2021 22:45:00,738501.947916667,400,400,402,400,519.866666666667
11-Dec-2021 23:00:00,738501.958333333,400,400,400.133333333333,400,519
11-Dec-2021 23:15:00,738501.96875,400,401.2,400,400,519.6
11-Dec-2021 23:30:00,738501.979166667,400,402,400,400,519.8
11-Dec-2021 23:45:00,738501.989583333,400,400.8,400,400.8,519.533333333333
12-Dec-2021 00:00:00,738502,408.066666666667,400,400,402,519.666666666667
12-Dec-2021 00:15:00,738502.010416667,411,400,400,400,519.066666666667
12-Dec-2021 00:30:00,738502.020833333,402.933333333333,400,409.333333333333,400,519.866666666667
12-Dec-2021 00:45:00,738502.03125,400,400,410,400,519.666666666667
12-Dec-2021 01:00:00,738502.041666667,400.733333333333,400,400.666666666667,400,519.466666666667
12-Dec-2021 01:15:00,738502.052083333,401,400,400,400.4,519.2
12-Dec-2021 01:30:00,738502.0625,400.266666666667,400,400,401,520.133333333333
12-Dec-2021 01:45:00,738502.072916667,400,400,400,402,519.6
12-Dec-2021 02:00:00,738502.083333333,400.733333333333,400,402.8,405,519.333333333333
12-Dec-2021 02:15:00,738502.09375,401,400,403,402.8,520.2
12-Dec-2021 02:30:00,738502.104166667,403.2,400,400.2,407,520
12-Dec-2021 02:45:00,738502.114583333,404,400,400,402,520.4
12-Dec-2021 03:00:00,738502.125,401.066666666667,400,403.733333333333,402,519.733333333333
12-Dec-2021 03:15:00,738502.135416667,400,401.8,404,400,519.666666666667
12-Dec-2021 03:30:00,738502.145833333,407.333333333333,403,400.266666666667,400,519.533333333333
12-Dec-2021 03:45:00,738502.15625,410,401.2,400,411.2,520.533333333333
12-Dec-2021 04:00:00,738502.166666667,412.933333333333,400,409.333333333333,410,519.933333333333
12-Dec-2021 04:15:00,738502.177083333,414,400,410,406.4,520.2
12-Dec-2021 04:30:00,738502.1875,413.266666666667,400,400.666666666667,407,519.266666666667
12-Dec-2021 04:45:00,738502.197916667,413,400,400,407.2,519.666666666667
12-Dec-2021 05:00:00,738502.208333333,411.533333333333,400,411.2,403,519.933333333333
12-Dec-2021 05:15:00,738502.21875,411,400,412,400,520
12-Dec-2021 05:30:00,738502.229166667,402.933333333333,400,403.6,400,519.6
12-Dec-2021 05:45:00,738502.239583333,400,401.8,403,404.2,520.2
12-Dec-2021 06:00:00,738502.25,405.866666666667,403,400.2,403,520.533333333333
12-Dec-2021 06:15:00,738502.260416667,408,403,400,418,520.066666666667
12-Dec-2021 06:30:00,738502.270833333,402.133333333333,403,400,418,520.466666666667
12-Dec-2021 06:45:00,738502.28125,400,404.8,400,409.6,520.666666666667
12-Dec-2021 07:00:00,738502.291666667,404.4,406,403.733333333333,412,520.333333333333
12-Dec-2021 07:15:00,738502.302083333,406,407.8,404,403,520.733333333333
12-Dec-2021 07:30:00,738502.3125,408.2,409,401.2,406,520.733333333333
12-Dec-2021 07:45:00,738502.322916667,409,403.6,401,414.2,521.2
12-Dec-2021 08:00:00,738502.333333333,409.733333333333,400,406.6,419,520.666666666667
12-Dec-2021 08:15:00,738502.34375,410,411.4,407,410,520.4
12-Dec-2021 08:30:00,738502.354166667,403.4,419,410.733333333333,410,520.6
12-Dec-2021 08:45:00,738502.364583333,401,419.6,411,404.2,520.933333333333
12-Dec-2021 09:00:00,738502.375,401.733333333333,420,409.133333333333,403,520.4
12-Dec-2021 09:15:00,738502.385416667,402,410.4,409,403.2,519.8
12-Dec-2021 09:30:00,738502.395833333,407.133333333333,404,411.8,408,506.466666666667
12-Dec-2021 09:45:00,738502.40625,409,414.2,412,418.6,522.2
12-Dec-2021 10:00:00,738502.416666667,406.066666666667,421,400.8,412,499.933333333333
12-Dec-2021 10:15:00,738502.427083333,405,424,400,416,499.733333333333
12-Dec-2021 10:30:00,738502.4375,431.4,426,437.333333333333,416,500.266666666667
12-Dec-2021 10:45:00,738502.447916667,441,440.4,440,432.4,500.466666666667
12-Dec-2021 11:00:00,738502.458333333,448.333333333333,450,450.266666666667,433,500.066666666667
12-Dec-2021 11:15:00,738502.46875,451,460.2,451,455.8,499.133333333333
12-Dec-2021 11:30:00,738502.479166667,469.333333333333,467,469.666666666667,457,504.266666666667
12-Dec-2021 11:45:00,738502.489583333,476,468.2,471,460.4,507.133333333333
12-Dec-2021 12:00:00,738502.5,478.2,469,477.533333333333,443,507.333333333333
12-Dec-2021 12:15:00,738502.510416667,479,462.4,478,459,507.8
12-Dec-2021 12:30:00,738502.520833333,479.733333333333,458,464,459,508.466666666667
12-Dec-2021 12:45:00,738502.53125,480,463.4,463,457,507.866666666667
12-Dec-2021 13:00:00,738502.541666667,474.866666666667,467,468.6,457,508.933333333333
12-Dec-2021 13:15:00,738502.552083333,473,471.2,469,459.6,508.533333333333
12-Dec-2021 13:30:00,738502.5625,468.6,474,467.133333333333,465,509.4
12-Dec-2021 13:45:00,738502.572916667,467,482.4,467,462.8,508.8
12-Dec-2021 14:00:00,738502.583333333,475.066666666667,488,465.133333333333,458,508.4
12-Dec-2021 14:15:00,738502.59375,478,487.4,465,470.6,509
12-Dec-2021 14:30:00,738502.604166667,473.6,487,480.866666666667,473,509.133333333333
12-Dec-2021 14:45:00,738502.614583333,472,462.4,482,483.2,511.066666666667
12-Dec-2021 15:00:00,738502.625,464.666666666667,446,466.133333333333,470,504.866666666667
12-Dec-2021 15:15:00,738502.635416667,462,470.6,465,473.8,503.266666666667
12-Dec-2021 15:30:00,738502.645833333,470.066666666667,487,474.333333333333,478,502.6
12-Dec-2021 15:45:00,738502.65625,473,491.2,475,460.6,502.666666666667
12-Dec-2021 16:00:00,738502.666666667,481.8,494,464.733333333333,463,503.533333333333
12-Dec-2021 16:15:00,738502.677083333,485,489.2,464,462.2,503.266666666667
12-Dec-2021 16:30:00,738502.6875,485,486,483.6,452,502.8
12-Dec-2021 16:45:00,738502.697916667,485,491.4,485,468,503.4
12-Dec-2021 17:00:00,738502.708333333,478.4,495,471.933333333333,462,503
12-Dec-2021 17:15:00,738502.71875,476,487.8,471,465.8,503.8
12-Dec-2021 17:30:00,738502.729166667,473.066666666667,483,477.533333333333,464,503.733333333333
12-Dec-2021 17:45:00,738502.739583333,472,486,478,468.6,503.066666666667
12-Dec-2021 18:00:00,738502.75,477.133333333333,488,478,468,503.733333333333
12-Dec-2021 18:15:00,738502.760416667,479,500.6,478,467.4,504.2
12-Dec-2021 18:30:00,738502.770833333,483.4,509,481.733333333333,462,504.933333333333
12-Dec-2021 18:45:00,738502.78125,485,504.2,482,471.6,505.066666666667
12-Dec-2021 19:00:00,738502.791666667,479.133333333333,501,484.8,471,506.133333333333
12-Dec-2021 19:15:00,738502.802083333,477,509.4,485,466,506.6
12-Dec-2021 19:30:00,738502.8125,478.466666666667,515,474.733333333333,466,508.466666666667
12-Dec-2021 19:45:00,738502.822916667,479,495.2,474,463,530.066666666667
12-Dec-2021 20:00:00,738502.833333333,446,482,408.666666666667,457,490.666666666667
12-Dec-2021 20:15:00,738502.84375,434,479.6,404,453.2,506.266666666667
12-Dec-2021 20:30:00,738502.854166667,448.666666666667,478,453.466666666667,458,505.333333333333
12-Dec-2021 20:45:00,738502.864583333,454,478,457,452.8,505.8
12-Dec-2021 21:00:00,738502.875,453.266666666667,478,461.666666666667,451,505.933333333333
12-Dec-2021 21:15:00,738502.885416667,453,478,462,442.4,505.066666666667
12-Dec-2021 21:30:00,738502.895833333,462.533333333333,478,462.933333333333,449,505.466666666667
12-Dec-2021 21:45:00,738502.90625,466,476.8,463,453.4,505.2
12-Dec-2021 22:00:00,738502.916666667,459.4,476,458.333333333333,457,506.4
12-Dec-2021 22:15:00,738502.927083333,457,474.2,458,436,506.8
12-Dec-2021 22:30:00,738502.9375,462.866666666667,473,460.8,436,507.533333333333
12-Dec-2021 22:45:00,738502.947916667,465,462.2,461,444.8,508.866666666667
12-Dec-2021 23:00:00,738502.958333333,450.333333333333,455,461.933333333333,443,509.866666666667
12-Dec-2021 23:15:00,738502.96875,445,457.4,462,436.6,534.666666666667
12-Dec-2021 23:30:00,738502.979166667,425.2,459,408.8,424,493.6
12-Dec-2021 23:45:00,738502.989583333,418,454.8,405,436,508.533333333333
13-Dec-2021 00:00:00,738503,425.333333333333,452,432.066666666667,433,507.133333333333
13-Dec-2021 00:15:00,738503.010416667,428,447.8,434,433,507.266666666667
13-Dec-2021 00:30:00,738503.020833333,429.466666666667,445,436.8,433,507.666666666667
13-Dec-2021 00:45:00,738503.03125,430,446.8,437,426.6,508
13-Dec-2021 01:00:00,738503.041666667,430.733333333333,448,441.666666666667,429,507.466666666667
13-Dec-2021 01:15:00,738503.052083333,431,449.8,442,419.8,507.733333333333
13-Dec-2021 01:30:00,738503.0625,425.866666666667,451,438.266666666667,421,507.933333333333
13-Dec-2021 01:45:00,738503.072916667,424,449.2,438,421.8,508.666666666667
13-Dec-2021 02:00:00,738503.083333333,425.466666666667,448,435.2,423,510.066666666667
13-Dec-2021 02:15:00,738503.09375,426,439,435,419,510.2
13-Dec-2021 02:30:00,738503.104166667,412.066666666667,433,416.333333333333,419,512
13-Dec-2021 02:45:00,738503.114583333,407,426.4,415,411.2,519.6
13-Dec-2021 03:00:00,738503.125,409.2,422,424.333333333333,410,522
13-Dec-2021 03:15:00,738503.135416667,410,425.6,425,441.2,522.733333333333
13-Dec-2021 03:30:00,738503.145833333,402.666666666667,428,413.8,443,521.333333333333
13-Dec-2021 03:45:00,738503.15625,400,432.8,413,400,521.666666666667
13-Dec-2021 04:00:00,738503.166666667,405.133333333333,436,402.733333333333,400,521.6
13-Dec-2021 04:15:00,738503.177083333,407,423.4,402,404.4,521.8
13-Dec-2021 04:30:00,738503.1875,402.6,415,408.533333333333,405,521.133333333333
13-Dec-2021 04:45:00,738503.197916667,401,406,409,400,521.133333333333
13-Dec-2021 05:00:00,738503.208333333,405.4,400,400.6,400,521.266666666667
13-Dec-2021 05:15:00,738503.21875,407,401.8,400,404.6,521.266666666667
13-Dec-2021 05:30:00,738503.229166667,410.666666666667,403,401.866666666667,407,521
13-Dec-2021 05:45:00,738503.239583333,412,401.2,402,400,521.533333333333
13-Dec-2021 06:00:00,738503.25,403.2,400,404.8,400,521.066666666667
13-Dec-2021 06:15:00,738503.260416667,400,400.6,405,406.4,521.066666666667
13-Dec-2021 06:30:00,738503.270833333,411,401,410.6,410,520.866666666667
13-Dec-2021 06:45:00,738503.28125,415,409.4,411,400,520.533333333333
13-Dec-2021 07:00:00,738503.291666667,411.333333333333,415,403.533333333333,400,521
13-Dec-2021 07:15:00,738503.302083333,410,413.2,403,418.6,520.866666666667
13-Dec-2021 07:30:00,738503.3125,413.666666666667,412,409.533333333333,412,520.4
13-Dec-2021 07:45:00,738503.322916667,415,407.8,410,422,520.933333333333
13-Dec-2021 08:00:00,738503.333333333,412.8,405,417.466666666667,422,521.4
13-Dec-2021 08:15:00,738503.34375,412,469.6,418,477.2,517.642857142857
13-Dec-2021 08:30:00,738503.354166667,486.066666666667,542,492.666666666667,528,567.666666666667
13-Dec-2021 08:45:00,738503.364583333,527.133333333333,572,516,560.6,515
13-Dec-2021 09:00:00,738503.375,575.533333333333,592,564.533333333333,572,501.866666666667
13-Dec-2021 09:15:00,738503.385416667,579,608.8,568,592,503.8
13-Dec-2021 09:30:00,738503.395833333,617.133333333333,632.266666666667,614,592,526.333333333333
13-Dec-2021 09:45:00,738503.40625,631,661,620,593,503
13-Dec-2021 10:00:00,738503.416666667,652.333333333333,673,629.333333333333,593,501.133333333333
13-Dec-2021 10:15:00,738503.427083333,667,677.2,630,646,500.2
13-Dec-2021 10:30:00,738503.4375,701.466666666667,680,663.6,652,500.933333333333
13-Dec-2021 10:45:00,738503.447916667,714,699.8,666,673.6,506.8
13-Dec-2021 11:00:00,738503.458333333,726.466666666667,713,691.2,684,508.2
13-Dec-2021 11:15:00,738503.46875,731,711.8,693,681,509.066666666667
13-Dec-2021 11:30:00,738503.479166667,714.133333333333,711,673.4,684,509.533333333333
13-Dec-2021 11:45:00,738503.489583333,708,721.8,672,688.2,510.133333333333
13-Dec-2021 12:00:00,738503.5,719.733333333333,729,683.2,681,517.8
13-Dec-2021 12:15:00,738503.510416667,724,722.4,684,665,508.6
13-Dec-2021 12:30:00,738503.520833333,701.266666666667,718,673.733333333333,647,506.866666666667
13-Dec-2021 12:45:00,738503.53125,693,697.6,673,645.6,506.266666666667
13-Dec-2021 13:00:00,738503.541666667,684.2,684,628.2,642,505.933333333333
13-Dec-2021 13:15:00,738503.552083333,681,696.6,625,673.6,504.8
13-Dec-2021 13:30:00,738503.5625,715.466666666667,705,688.466666666667,664,504.266666666667
13-Dec-2021 13:45:00,738503.572916667,728,692.4,693,678.2,503.2
13-Dec-2021 14:00:00,738503.583333333,729.466666666667,684,683.666666666667,686,503.4
13-Dec-2021 14:15:00,738503.59375,730,712.8,683,747.6,503.6
13-Dec-2021 14:30:00,738503.604166667,724.133333333333,732,667.133333333333,786,503.666666666667
13-Dec-2021 14:45:00,738503.614583333,722,729.6,666,737.6,504.333333333333
13-Dec-2021 15:00:00,738503.625,719.066666666667,728,691.2,770,504.6
13-Dec-2021 15:15:00,738503.635416667,718,722,693,678.4,505.133333333333
13-Dec-2021 15:30:00,738503.645833333,723.866666666667,718,692.066666666667,670,505.866666666667
13-Dec-2021 15:45:00,738503.65625,726,726.4,692,681.2,506.466666666667
13-Dec-2021 16:00:00,738503.666666667,735.533333333333,732,677.066666666667,686,508.2
13-Dec-2021 16:15:00,738503.677083333,739,709.8,676,677.4,509
13-Dec-2021 16:30:00,738503.6875,717,695,668.533333333333,675,510.133333333333
13-Dec-2021 16:45:00,738503.697916667,709,695,668,639.133333333333,522.333333333333
13-Dec-2021 17:00:00,738503.708333333,663.533333333333,695,601.733333333333,576,521
13-Dec-2021 17:15:00,738503.71875,647,683.6,597,640.4,507.266666666667
13-Dec-2021 17:30:00,738503.729166667,654.333333333333,676,626.866666666667,629,506
13-Dec-2021 17:45:00,738503.739583333,657,668.2,629,621.6,506
13-Dec-2021 18:00:00,738503.75,651.133333333333,663,620.6,615,506.133333333333
13-Dec-2021 18:15:00,738503.760416667,649,655.8,620,591,507.4
13-Dec-2021 18:30:00,738503.770833333,635.066666666667,651,601.333333333333,588,507.466666666667
13-Dec-2021 18:45:00,738503.78125,630,627,600,586,508.2
13-Dec-2021 19:00:00,738503.791666667,613.866666666667,611,589.733333333333,586,509.533333333333
13-Dec-2021 19:15:00,738503.802083333,608,606.8,589,561.2,510.733333333333
13-Dec-2021 19:30:00,738503.8125,597.733333333333,604,587.133333333333,554,518.533333333333
13-Dec-2021 19:45:00,738503.822916667,594,596.2,587,565.4,521.133333333333
13-Dec-2021 20:00:00,738503.833333333,573.666666666667,591,556.2,572,522.6
13-Dec-2021 20:15:00,738503.84375,565,581.4,554,541.8,522.2
13-Dec-2021 20:30:00,738503.854166667,556.933333333333,575,529.733333333333,543,521.733333333333
13-Dec-2021 20:45:00,738503.864583333,554,561.8,528,507.4,521.466666666667
13-Dec-2021 21:00:00,738503.875,532,546.6,524.733333333333,511,521.4
13-Dec-2021 21:15:00,738503.885416667,524,537.4,519,496,521.2
13-Dec-2021 21:30:00,738503.895833333,511.533333333333,535,520.866666666667,496,520.733333333333
13-Dec-2021 21:45:00,738503.90625,507,521.8,521,484.6,521
13-Dec-2021 22:00:00,738503.916666667,504.8,513,511.666666666667,475,520.733333333333
13-Dec-2021 22:15:00,738503.927083333,504,508.8,511,473,520.8
13-Dec-2021 22:30:00,738503.9375,487.133333333333,506,488.6,476,520.2
13-Dec-2021 22:45:00,738503.947916667,481,495.2,487,467.4,520.933333333333
13-Dec-2021 23:00:00,738503.958333333,470.866666666667,488,483.266666666667,465,520.4
13-Dec-2021 23:15:00,738503.96875,465,479.6,483,455,520.933333333333
13-Dec-2021 23:30:00,738503.979166667,464.266666666667,474,472.733333333333,455,520.533333333333
13-Dec-2021 23:45:00,738503.989583333,464,469.8,472,447.4,520.266666666667
14-Dec-2021 00:00:00,738504,446.4,467,468.266666666667,445,520.066666666667
14-Dec-2021 00:15:00,738504.010416667,440,461.6,468,451,520.733333333333
14-Dec-2021 00:30:00,738504.020833333,445.133333333333,449.133333333333,449.333333333333,445,519.733333333333
14-Dec-2021 00:45:00,738504.03125,447,446.8,448,437.8,520.333333333333
14-Dec-2021 01:00:00,738504.041666667,440.4,452,434,433,520.466666666667
14-Dec-2021 01:15:00,738504.052083333,438,443,433,416,520
14-Dec-2021 01:30:00,738504.0625,432.866666666667,437,421.4,416,519.6
14-Dec-2021 01:45:00,738504.072916667,431,433.4,419,417.6,519.866666666667
14-Dec-2021 02:00:00,738504.083333333,427.333333333333,431,419.933333333333,417,520.2
14-Dec-2021 02:15:00,738504.09375,426,432.2,420,408,519.266666666667
14-Dec-2021 02:30:00,738504.104166667,428.933333333333,433,429.333333333333,408,520.2
14-Dec-2021 02:45:00,738504.114583333,430,428.2,430,416.6,519.466666666667
14-Dec-2021 03:00:00,738504.125,422.666666666667,425,421.6,413,519.666666666667
14-Dec-2021 03:15:00,738504.135416667,420,419.6,421,407.2,519.733333333333
14-Dec-2021 03:30:00,738504.145833333,413.4,416,418.2,400,519.666666666667
14-Dec-2021 03:45:00,738504.15625,411,413,418,401.2,519.866666666667
14-Dec-2021 04:00:00,738504.166666667,407.333333333333,411,406.8,403,520
14-Dec-2021 04:15:00,738504.177083333,406,412.2,406,401.4,520.533333333333
14-Dec-2021 04:30:00,738504.1875,407.466666666667,413,402.266666666667,402,519.8
14-Dec-2021 04:45:00,738504.197916667,408,408.8,402,408,519.8
14-Dec-2021 05:00:00,738504.208333333,405.066666666667,406,400.133333333333,408,519.4
14-Dec-2021 05:15:00,738504.21875,404,413.8,400,407.8,520.4
14-Dec-2021 05:30:00,738504.229166667,406.2,419,400,409,519.866666666667
14-Dec-2021 05:45:00,738504.239583333,407,412.4,400,408.6,519.866666666667
14-Dec-2021 06:00:00,738504.25,410.666666666667,408,415.866666666667,411,519.6
14-Dec-2021 06:15:00,738504.260416667,412,406.8,417,420.6,519.133333333333
14-Dec-2021 06:30:00,738504.270833333,403.2,406,417.933333333333,417,519.866666666667
14-Dec-2021 06:45:00,738504.28125,400,404.2,418,419.2,519.933333333333
14-Dec-2021 07:00:00,738504.291666667,416.866666666667,403,412.4,418,520.066666666667
14-Dec-2021 07:15:00,738504.302083333,423,412.6,412,406.8,520.333333333333
14-Dec-2021 07:30:00,738504.3125,413.466666666667,419,403.6,414,509.928571428571
14-Dec-2021 07:45:00,738504.322916667,410,419,403,407,528.6
14-Dec-2021 08:00:00,738504.333333333,414.4,419,420.733333333333,413,522.4
14-Dec-2021 08:15:00,738504.34375,466.666666666667,492.666666666667,521,511.2,500
14-Dec-2021 08:30:00,738504.354166667,589.266666666667,528,548.066666666667,561.466666666667,500.333333333333
14-Dec-2021 08:45:00,738504.364583333,639,572.8,550,594.2,513.533333333333
14-Dec-2021 09:00:00,738504.375,675.266666666667,651,617.333333333333,584,499.2
14-Dec-2021 09:15:00,738504.385416667,671,660.6,624,624,496.533333333333
14-Dec-2021 09:30:00,738504.395833333,698.133333333333,667,648.266666666667,624,500.666666666667
14-Dec-2021 09:45:00,738504.40625,708,688,650,675.866666666667,503.533333333333
14-Dec-2021 10:00:00,738504.416666667,715.333333333333,702,673.333333333333,676,504.466666666667
14-Dec-2021 10:15:00,738504.427083333,718,737.666666666667,675,722,504.933333333333
14-Dec-2021 10:30:00,738504.4375,747.4,767,720.533333333333,779.2,505.466666666667
14-Dec-2021 10:45:00,738504.447916667,799,842,725,787.8,506.466666666667
14-Dec-2021 11:00:00,738504.458333333,816.6,954.4,747.4,848.4,507.066666666667
14-Dec-2021 11:15:00,738504.46875,823,986.8,749,807.6,507.066666666667
14-Dec-2021 11:30:00,738504.479166667,829.466666666667,883.333333333333,785.4,741.666666666667,518.133333333333
14-Dec-2021 11:45:00,738504.489583333,903,949.2,788,830.4,504.866666666667
14-Dec-2021 12:00:00,738504.5,872.933333333333,891,798.266666666667,819,502.533333333333
14-Dec-2021 12:15:00,738504.510416667,862,864.6,799,783,502.133333333333
14-Dec-2021 12:30:00,738504.520833333,847.333333333333,847,786.866666666667,783,501.2
14-Dec-2021 12:45:00,738504.53125,842,825.4,786,754.8,500.933333333333
14-Dec-2021 13:00:00,738504.541666667,815.266666666667,797.133333333333,767.333333333333,762,501.333333333333
14-Dec-2021 13:15:00,738504.552083333,802,791,772.266666666667,750.8,500.4
14-Dec-2021 13:30:00,738504.5625,865.333333333333,795,845.066666666667,767,500.6
14-Dec-2021 13:45:00,738504.572916667,879,813.6,767.733333333333,788.2,502.266666666667
14-Dec-2021 14:00:00,738504.583333333,824.133333333333,826,720.533333333333,766,501.8
14-Dec-2021 14:15:00,738504.59375,802,784,718,694,502.133333333333
14-Dec-2021 14:30:00,738504.604166667,753.6,756,664.333333333333,679,501.666666666667
14-Dec-2021 14:45:00,738504.614583333,706.533333333333,726.6,656,637.866666666667,501.333333333333
14-Dec-2021 15:00:00,738504.625,686.6,682,624.266666666667,632,501.4
14-Dec-2021 15:15:00,738504.635416667,681,659.2,622,587.6,501.8
14-Dec-2021 15:30:00,738504.645833333,652.4,644,610.8,590,501.533333333333
14-Dec-2021 15:45:00,738504.65625,642,643.4,610,592.8,501.866666666667
